AgeBin_Adult,AgeBin_Child,AgeBin_MidAge,AgeBin_Senior,AgeBin_Teen,Embarked_C,Embarked_Q,Embarked_S,FamilySize,Fare,IsAlone,PassengerId,Pclass,Survived,Title_Master,Title_Miss,Title_Mr,Title_Mrs,Title_Rare
True,False,False,False,False,False,False,True,2,7.25,0,1,3,0,False,False,True,False,False
True,False,False,False,False,True,False,False,2,71.2833,0,2,1,1,False,False,False,True,False
True,False,False,False,False,False,False,True,1,7.925,1,3,3,1,False,True,False,False,False
True,False,False,False,False,False,False,True,2,53.1,0,4,1,1,False,False,False,True,False
True,False,False,False,False,False,False,True,1,8.05,1,5,3,0,False,False,True,False,False
True,False,False,False,False,False,True,False,1,8.4583,1,6,3,0,False,False,True,False,False
False,False,True,False,False,False,False,True,1,51.8625,1,7,1,0,False,False,True,False,False
False,True,False,False,False,False,False,True,5,21.075,0,8,3,0,True,False,False,False,False
True,False,False,False,False,False,False,True,3,11.1333,0,9,3,1,False,False,False,True,False
False,False,False,False,True,True,False,False,2,30.0708,0,10,2,1,False,False,False,True,False
False,True,False,False,False,False,False,True,3,16.7,0,11,3,1,False,True,False,False,False
False,False,True,False,False,False,False,True,1,26.55,1,12,1,1,False,True,False,False,False
False,False,False,False,True,False,False,True,1,8.05,1,13,3,0,False,False,True,False,False
True,False,False,False,False,False,False,True,7,31.275,0,14,3,0,False,False,True,False,False
False,False,False,False,True,False,False,True,1,7.8542,1,15,3,0,False,True,False,False,False
False,False,True,False,False,False,False,True,1,16.0,1,16,2,1,False,False,False,True,False
False,True,False,False,False,False,True,False,6,29.125,0,17,3,0,True,False,False,False,False
True,False,False,False,False,False,False,True,1,13.0,1,18,2,1,False,False,True,False,False
True,False,False,False,False,False,False,True,2,18.0,0,19,3,0,False,False,False,True,False
True,False,False,False,False,True,False,False,1,7.225,1,20,3,1,False,False,False,True,False
True,False,False,False,False,False,False,True,1,26.0,1,21,2,0,False,False,True,False,False
True,False,False,False,False,False,False,True,1,13.0,1,22,2,1,False,False,True,False,False
False,False,False,False,True,False,True,False,1,8.0292,1,23,3,1,False,True,False,False,False
True,False,False,False,False,False,False,True,1,35.5,1,24,1,1,False,False,True,False,False
False,False,False,False,True,False,False,True,5,21.075,0,25,3,0,False,True,False,False,False
True,False,False,False,False,False,False,True,7,31.3875,0,26,3,1,False,False,False,True,False
True,False,False,False,False,True,False,False,1,7.225,1,27,3,0,False,False,True,False,False
False,False,False,False,True,False,False,True,6,263.0,0,28,1,0,False,False,True,False,False
False,False,False,False,True,False,True,False,1,7.8792,1,29,3,1,False,True,False,False,False
True,False,False,False,False,False,False,True,1,7.8958,1,30,3,0,False,False,True,False,False
True,False,False,False,False,True,False,False,1,27.7208,1,31,1,0,False,False,False,False,True
False,False,True,False,False,True,False,False,2,146.5208,0,32,1,1,False,False,False,True,False
False,False,False,False,True,False,True,False,1,7.75,1,33,3,1,False,True,False,False,False
False,False,False,True,False,False,False,True,1,10.5,1,34,2,0,False,False,True,False,False
True,False,False,False,False,True,False,False,2,82.1708,0,35,1,0,False,False,True,False,False
False,False,True,False,False,False,False,True,2,52.0,0,36,1,0,False,False,True,False,False
True,False,False,False,False,True,False,False,1,7.2292,1,37,3,1,False,False,True,False,False
True,False,False,False,False,False,False,True,1,8.05,1,38,3,0,False,False,True,False,False
False,False,False,False,True,False,False,True,3,18.0,0,39,3,0,False,True,False,False,False
False,False,False,False,True,True,False,False,2,11.2417,0,40,3,1,False,True,False,False,False
True,False,False,False,False,False,False,True,2,9.475,0,41,3,0,False,False,False,True,False
True,False,False,False,False,False,False,True,2,21.0,0,42,2,0,False,False,False,True,False
True,False,False,False,False,True,False,False,1,7.8958,1,43,3,0,False,False,True,False,False
False,True,False,False,False,True,False,False,4,41.5792,0,44,2,1,False,True,False,False,False
False,False,False,False,True,False,True,False,1,7.8792,1,45,3,1,False,True,False,False,False
True,False,False,False,False,False,False,True,1,8.05,1,46,3,0,False,False,True,False,False
True,False,False,False,False,False,True,False,2,15.5,0,47,3,0,False,False,True,False,False
False,False,False,False,True,False,True,False,1,7.75,1,48,3,1,False,True,False,False,False
True,False,False,False,False,True,False,False,3,21.6792,0,49,3,0,False,False,True,False,False
False,False,False,False,True,False,False,True,2,17.8,0,50,3,0,False,False,False,True,False
False,False,False,False,True,False,False,True,6,39.6875,0,51,3,0,True,False,False,False,False
True,False,False,False,False,False,False,True,1,7.8,1,52,3,0,False,False,True,False,False
False,False,True,False,False,True,False,False,2,76.7292,0,53,1,1,False,False,False,True,False
True,False,False,False,False,False,False,True,2,26.0,0,54,2,1,False,False,False,True,False
False,False,False,True,False,True,False,False,2,61.9792,0,55,1,0,False,False,True,False,False
True,False,False,False,False,False,False,True,1,35.5,1,56,1,1,False,False,True,False,False
True,False,False,False,False,False,False,True,1,10.5,1,57,2,1,False,True,False,False,False
True,False,False,False,False,True,False,False,1,7.2292,1,58,3,0,False,False,True,False,False
False,True,False,False,False,False,False,True,4,27.75,0,59,2,1,False,True,False,False,False
False,False,False,False,True,False,False,True,8,46.9,0,60,3,0,True,False,False,False,False
True,False,False,False,False,True,False,False,1,7.2292,1,61,3,0,False,False,True,False,False
True,False,False,False,False,False,False,True,1,80.0,1,62,1,1,False,True,False,False,False
False,False,True,False,False,False,False,True,2,83.475,0,63,1,0,False,False,True,False,False
False,True,False,False,False,False,False,True,6,27.9,0,64,3,0,True,False,False,False,False
True,False,False,False,False,True,False,False,1,27.7208,1,65,1,0,False,False,True,False,False
False,True,False,False,False,True,False,False,3,15.2458,0,66,3,1,True,False,False,False,False
True,False,False,False,False,False,False,True,1,10.5,1,67,2,1,False,False,False,True,False
False,False,False,False,True,False,False,True,1,8.1583,1,68,3,0,False,False,True,False,False
False,False,False,False,True,False,False,True,7,7.925,0,69,3,1,False,True,False,False,False
True,False,False,False,False,False,False,True,3,8.6625,0,70,3,0,False,False,True,False,False
True,False,False,False,False,False,False,True,1,10.5,1,71,2,0,False,False,True,False,False
False,False,False,False,True,False,False,True,8,46.9,0,72,3,0,False,True,False,False,False
True,False,False,False,False,False,False,True,1,73.5,1,73,2,0,False,False,True,False,False
True,False,False,False,False,True,False,False,2,14.4542,0,74,3,0,False,False,True,False,False
True,False,False,False,False,False,False,True,1,56.4958,1,75,3,1,False,False,True,False,False
True,False,False,False,False,False,False,True,1,7.65,1,76,3,0,False,False,True,False,False
True,False,False,False,False,False,False,True,1,7.8958,1,77,3,0,False,False,True,False,False
True,False,False,False,False,False,False,True,1,8.05,1,78,3,0,False,False,True,False,False
False,True,False,False,False,False,False,True,3,29.0,0,79,2,1,True,False,False,False,False
True,False,False,False,False,False,False,True,1,12.475,1,80,3,1,False,True,False,False,False
True,False,False,False,False,False,False,True,1,9.0,1,81,3,0,False,False,True,False,False
True,False,False,False,False,False,False,True,1,9.5,1,82,3,1,False,False,True,False,False
False,False,False,False,True,False,True,False,1,7.7875,1,83,3,1,False,True,False,False,False
True,False,False,False,False,False,False,True,1,47.1,1,84,1,0,False,False,True,False,False
False,False,False,False,True,False,False,True,1,10.5,1,85,2,1,False,True,False,False,False
True,False,False,False,False,False,False,True,4,15.85,0,86,3,1,False,False,False,True,False
False,False,False,False,True,False,False,True,5,34.375,0,87,3,0,False,False,True,False,False
True,False,False,False,False,False,False,True,1,8.05,1,88,3,0,False,False,True,False,False
True,False,False,False,False,False,False,True,6,263.0,0,89,1,1,False,True,False,False,False
True,False,False,False,False,False,False,True,1,8.05,1,90,3,0,False,False,True,False,False
True,False,False,False,False,False,False,True,1,8.05,1,91,3,0,False,False,True,False,False
False,False,False,False,True,False,False,True,1,7.8542,1,92,3,0,False,False,True,False,False
False,False,True,False,False,False,False,True,2,61.175,0,93,1,0,False,False,True,False,False
True,False,False,False,False,False,False,True,4,20.575,0,94,3,0,False,False,True,False,False
False,False,True,False,False,False,False,True,1,7.25,1,95,3,0,False,False,True,False,False
True,False,False,False,False,False,False,True,1,8.05,1,96,3,0,False,False,True,False,False
False,False,False,True,False,True,False,False,1,34.6542,1,97,1,0,False,False,True,False,False
True,False,False,False,False,True,False,False,2,63.3583,0,98,1,1,False,False,True,False,False
True,False,False,False,False,False,False,True,2,23.0,0,99,2,1,False,False,False,True,False
True,False,False,False,False,False,False,True,2,26.0,0,100,2,0,False,False,True,False,False
True,False,False,False,False,False,False,True,1,7.8958,1,101,3,0,False,True,False,False,False
True,False,False,False,False,False,False,True,1,7.8958,1,102,3,0,False,False,True,False,False
True,False,False,False,False,False,False,True,2,77.2875,0,103,1,0,False,False,True,False,False
True,False,False,False,False,False,False,True,1,8.6542,1,104,3,0,False,False,True,False,False
True,False,False,False,False,False,False,True,3,7.925,0,105,3,0,False,False,True,False,False
True,False,False,False,False,False,False,True,1,7.8958,1,106,3,0,False,False,True,False,False
True,False,False,False,False,False,False,True,1,7.65,1,107,3,1,False,True,False,False,False
True,False,False,False,False,False,False,True,1,7.775,1,108,3,1,False,False,True,False,False
True,False,False,False,False,False,False,True,1,7.8958,1,109,3,0,False,False,True,False,False
False,False,False,False,True,False,True,False,2,24.15,0,110,3,1,False,True,False,False,False
False,False,True,False,False,False,False,True,1,52.0,1,111,1,0,False,False,True,False,False
False,False,False,False,True,True,False,False,2,14.4542,0,112,3,0,False,True,False,False,False
True,False,False,False,False,False,False,True,1,8.05,1,113,3,0,False,False,True,False,False
False,False,False,False,True,False,False,True,2,9.825,0,114,3,0,False,True,False,False,False
False,False,False,False,True,True,False,False,1,14.4583,1,115,3,0,False,True,False,False,False
True,False,False,False,False,False,False,True,1,7.925,1,116,3,0,False,False,True,False,False
False,False,False,True,False,False,True,False,1,7.75,1,117,3,0,False,False,True,False,False
True,False,False,False,False,False,False,True,2,21.0,0,118,2,0,False,False,True,False,False
True,False,False,False,False,True,False,False,2,247.5208,0,119,1,0,False,False,True,False,False
False,True,False,False,False,False,False,True,7,31.275,0,120,3,0,False,True,False,False,False
True,False,False,False,False,False,False,True,3,73.5,0,121,2,0,False,False,True,False,False
True,False,False,False,False,False,False,True,1,8.05,1,122,3,0,False,False,True,False,False
True,False,False,False,False,True,False,False,2,30.0708,0,123,2,0,False,False,True,False,False
True,False,False,False,False,False,False,True,1,13.0,1,124,2,1,False,True,False,False,False
False,False,True,False,False,False,False,True,2,77.2875,0,125,1,0,False,False,True,False,False
False,False,False,False,True,True,False,False,2,11.2417,0,126,3,1,True,False,False,False,False
True,False,False,False,False,False,True,False,1,7.75,1,127,3,0,False,False,True,False,False
True,False,False,False,False,False,False,True,1,7.1417,1,128,3,1,False,False,True,False,False
False,False,False,False,True,True,False,False,3,22.3583,0,129,3,1,False,True,False,False,False
False,False,True,False,False,False,False,True,1,6.975,1,130,3,0,False,False,True,False,False
True,False,False,False,False,True,False,False,1,7.8958,1,131,3,0,False,False,True,False,False
False,False,False,False,True,False,False,True,1,7.05,1,132,3,0,False,False,True,False,False
False,False,True,False,False,False,False,True,2,14.5,0,133,3,0,False,False,False,True,False
True,False,False,False,False,False,False,True,2,26.0,0,134,2,1,False,False,False,True,False
True,False,False,False,False,False,False,True,1,13.0,1,135,2,0,False,False,True,False,False
True,False,False,False,False,True,False,False,1,15.0458,1,136,2,0,False,False,True,False,False
False,False,False,False,True,False,False,True,3,26.2833,0,137,1,1,False,True,False,False,False
True,False,False,False,False,False,False,True,2,53.1,0,138,1,0,False,False,True,False,False
False,False,False,False,True,False,False,True,1,9.2167,1,139,3,0,False,False,True,False,False
True,False,False,False,False,True,False,False,1,79.2,1,140,1,0,False,False,True,False,False
True,False,False,False,False,True,False,False,3,15.2458,0,141,3,0,False,False,False,True,False
True,False,False,False,False,False,False,True,1,7.75,1,142,3,1,False,True,False,False,False
True,False,False,False,False,False,False,True,2,15.85,0,143,3,1,False,False,False,True,False
False,False,False,False,True,False,True,False,1,6.75,1,144,3,0,False,False,True,False,False
False,False,False,False,True,False,False,True,1,11.5,1,145,2,0,False,False,True,False,False
False,False,False,False,True,False,False,True,3,36.75,0,146,2,0,False,False,True,False,False
True,False,False,False,False,False,False,True,1,7.7958,1,147,3,1,False,False,True,False,False
False,False,False,False,True,False,False,True,5,34.375,0,148,3,0,False,True,False,False,False
True,False,False,False,False,False,False,True,3,26.0,0,149,2,0,False,False,True,False,False
False,False,True,False,False,False,False,True,1,13.0,1,150,2,0,False,False,False,False,True
False,False,True,False,False,False,False,True,1,12.525,1,151,2,0,False,False,False,False,True
True,False,False,False,False,False,False,True,2,66.6,0,152,1,1,False,False,False,True,False
False,False,True,False,False,False,False,True,1,8.05,1,153,3,0,False,False,True,False,False
False,False,True,False,False,False,False,True,3,14.5,0,154,3,0,False,False,True,False,False
True,False,False,False,False,False,False,True,1,7.3125,1,155,3,0,False,False,True,False,False
False,False,True,False,False,True,False,False,2,61.3792,0,156,1,0,False,False,True,False,False
False,False,False,False,True,False,True,False,1,7.7333,1,157,3,1,False,True,False,False,False
True,False,False,False,False,False,False,True,1,8.05,1,158,3,0,False,False,True,False,False
True,False,False,False,False,False,False,True,1,8.6625,1,159,3,0,False,False,True,False,False
False,True,False,False,False,False,False,True,11,69.55,0,160,3,0,True,False,False,False,False
False,False,True,False,False,False,False,True,2,16.1,0,161,3,0,False,False,True,False,False
True,False,False,False,False,False,False,True,1,15.75,1,162,2,1,False,False,False,True,False
True,False,False,False,False,False,False,True,1,7.775,1,163,3,0,False,False,True,False,False
False,False,False,False,True,False,False,True,1,8.6625,1,164,3,0,False,False,True,False,False
False,True,False,False,False,False,False,True,6,39.6875,0,165,3,0,True,False,False,False,False
False,False,False,False,True,False,False,True,3,20.525,0,166,3,1,True,False,False,False,False
False,False,True,False,False,False,False,True,2,55.0,0,167,1,1,False,False,False,True,False
False,False,True,False,False,False,False,True,6,27.9,0,168,3,0,False,False,False,True,False
True,False,False,False,False,False,False,True,1,25.925,1,169,1,0,False,False,True,False,False
True,False,False,False,False,False,False,True,1,56.4958,1,170,3,0,False,False,True,False,False
False,False,False,True,False,False,False,True,1,33.5,1,171,1,0,False,False,True,False,False
False,True,False,False,False,False,True,False,6,29.125,0,172,3,0,True,False,False,False,False
False,True,False,False,False,False,False,True,3,11.1333,0,173,3,1,False,True,False,False,False
True,False,False,False,False,False,False,True,1,7.925,1,174,3,0,False,False,True,False,False
False,False,True,False,False,True,False,False,1,30.6958,1,175,1,0,False,False,True,False,False
False,False,False,False,True,False,False,True,3,7.8542,0,176,3,0,False,False,True,False,False
False,True,False,False,False,False,False,True,5,25.4667,0,177,3,0,True,False,False,False,False
False,False,True,False,False,True,False,False,1,28.7125,1,178,1,0,False,True,False,False,False
True,False,False,False,False,False,False,True,1,13.0,1,179,2,0,False,False,True,False,False
True,False,False,False,False,False,False,True,1,0.0,1,180,3,0,False,False,True,False,False
False,False,False,False,True,False,False,True,11,69.55,0,181,3,0,False,True,False,False,False
True,False,False,False,False,True,False,False,1,15.05,1,182,2,0,False,False,True,False,False
False,False,False,False,True,False,False,True,7,31.3875,0,183,3,0,True,False,False,False,False
False,True,False,False,False,False,False,True,4,39.0,0,184,2,1,True,False,False,False,False
False,True,False,False,False,False,False,True,3,22.025,0,185,3,1,False,True,False,False,False
True,False,False,False,False,False,False,True,1,50.0,1,186,1,0,False,False,True,False,False
True,False,False,False,False,False,True,False,2,15.5,0,187,3,1,False,False,False,True,False
False,False,True,False,False,False,False,True,1,26.55,1,188,1,1,False,False,True,False,False
True,False,False,False,False,False,True,False,3,15.5,0,189,3,0,False,False,True,False,False
True,False,False,False,False,False,False,True,1,7.8958,1,190,3,0,False,False,True,False,False
True,False,False,False,False,False,False,True,1,13.0,1,191,2,1,False,False,False,True,False
False,False,False,False,True,False,False,True,1,13.0,1,192,2,0,False,False,True,False,False
False,False,False,False,True,False,False,True,2,7.8542,0,193,3,1,False,True,False,False,False
False,True,False,False,False,False,False,True,3,26.0,0,194,2,1,True,False,False,False,False
False,False,True,False,False,True,False,False,1,27.7208,1,195,1,1,False,False,False,True,False
False,False,True,False,False,True,False,False,1,146.5208,1,196,1,1,False,True,False,False,False
True,False,False,False,False,False,True,False,1,7.75,1,197,3,0,False,False,True,False,False
False,False,True,False,False,False,False,True,2,8.4042,0,198,3,0,False,False,True,False,False
False,False,False,False,True,False,True,False,1,7.75,1,199,3,1,False,True,False,False,False
True,False,False,False,False,False,False,True,1,13.0,1,200,2,0,False,True,False,False,False
True,False,False,False,False,False,False,True,1,9.5,1,201,3,0,False,False,True,False,False
True,False,False,False,False,False,False,True,11,69.55,0,202,3,0,False,False,True,False,False
True,False,False,False,False,False,False,True,1,6.4958,1,203,3,0,False,False,True,False,False
False,False,True,False,False,True,False,False,1,7.225,1,204,3,0,False,False,True,False,False
False,False,False,False,True,False,False,True,1,8.05,1,205,3,1,False,False,True,False,False
False,True,False,False,False,False,False,True,2,10.4625,0,206,3,0,False,True,False,False,False
True,False,False,False,False,False,False,True,2,15.85,0,207,3,0,False,False,True,False,False
True,False,False,False,False,True,False,False,1,18.7875,1,208,3,1,False,False,True,False,False
False,False,False,False,True,False,True,False,1,7.75,1,209,3,1,False,True,False,False,False
True,False,False,False,False,True,False,False,1,31.0,1,210,1,1,False,False,True,False,False
True,False,False,False,False,False,False,True,1,7.05,1,211,3,0,False,False,True,False,False
True,False,False,False,False,False,False,True,1,21.0,1,212,2,1,False,True,False,False,False
True,False,False,False,False,False,False,True,1,7.25,1,213,3,0,False,False,True,False,False
True,False,False,False,False,False,False,True,1,13.0,1,214,2,0,False,False,True,False,False
True,False,False,False,False,False,True,False,2,7.75,0,215,3,0,False,False,True,False,False
True,False,False,False,False,True,False,False,2,113.275,0,216,1,1,False,True,False,False,False
True,False,False,False,False,False,False,True,1,7.925,1,217,3,1,False,True,False,False,False
False,False,True,False,False,False,False,True,2,27.0,0,218,2,0,False,False,True,False,False
True,False,False,False,False,True,False,False,1,76.2917,1,219,1,1,False,True,False,False,False
True,False,False,False,False,False,False,True,1,10.5,1,220,2,0,False,False,True,False,False
False,False,False,False,True,False,False,True,1,8.05,1,221,3,1,False,False,True,False,False
True,False,False,False,False,False,False,True,1,13.0,1,222,2,0,False,False,True,False,False
False,False,True,False,False,False,False,True,1,8.05,1,223,3,0,False,False,True,False,False
True,False,False,False,False,False,False,True,1,7.8958,1,224,3,0,False,False,True,False,False
True,False,False,False,False,False,False,True,2,90.0,0,225,1,1,False,False,True,False,False
True,False,False,False,False,False,False,True,1,9.35,1,226,3,0,False,False,True,False,False
False,False,False,False,True,False,False,True,1,10.5,1,227,2,1,False,False,True,False,False
True,False,False,False,False,False,False,True,1,7.25,1,228,3,0,False,False,True,False,False
False,False,False,False,True,False,False,True,1,13.0,1,229,2,0,False,False,True,False,False
False,False,False,False,True,False,False,True,5,25.4667,0,230,3,0,False,True,False,False,False
True,False,False,False,False,False,False,True,2,83.475,0,231,1,1,False,False,False,True,False
True,False,False,False,False,False,False,True,1,7.775,1,232,3,0,False,False,True,False,False
False,False,True,False,False,False,False,True,1,13.5,1,233,2,0,False,False,True,False,False
False,True,False,False,False,False,False,True,7,31.3875,0,234,3,1,False,True,False,False,False
True,False,False,False,False,False,False,True,1,10.5,1,235,2,0,False,False,True,False,False
False,False,False,False,True,False,False,True,1,7.55,1,236,3,0,False,True,False,False,False
False,False,True,False,False,False,False,True,2,26.0,0,237,2,0,False,False,True,False,False
False,False,False,False,True,False,False,True,3,26.25,0,238,2,1,False,True,False,False,False
False,False,False,False,True,False,False,True,1,10.5,1,239,2,0,False,False,True,False,False
True,False,False,False,False,False,False,True,1,12.275,1,240,2,0,False,False,True,False,False
False,False,False,False,True,True,False,False,2,14.4542,0,241,3,0,False,True,False,False,False
False,False,False,False,True,False,True,False,2,15.5,0,242,3,1,False,True,False,False,False
True,False,False,False,False,False,False,True,1,10.5,1,243,2,0,False,False,True,False,False
True,False,False,False,False,False,False,True,1,7.125,1,244,3,0,False,False,True,False,False
True,False,False,False,False,True,False,False,1,7.225,1,245,3,0,False,False,True,False,False
False,False,True,False,False,False,True,False,3,90.0,0,246,1,0,False,False,False,False,True
True,False,False,False,False,False,False,True,1,7.775,1,247,3,0,False,True,False,False,False
True,False,False,False,False,False,False,True,3,14.5,0,248,2,1,False,False,False,True,False
True,False,False,False,False,False,False,True,3,52.5542,0,249,1,1,False,False,True,False,False
False,False,True,False,False,False,False,True,2,26.0,0,250,2,0,False,False,False,False,True
True,False,False,False,False,False,False,True,1,7.25,1,251,3,0,False,False,True,False,False
True,False,False,False,False,False,False,True,3,10.4625,0,252,3,0,False,False,False,True,False
False,False,False,True,False,False,False,True,1,26.55,1,253,1,0,False,False,True,False,False
True,False,False,False,False,False,False,True,2,16.1,0,254,3,0,False,False,True,False,False
False,False,True,False,False,False,False,True,3,20.2125,0,255,3,0,False,False,False,True,False
True,False,False,False,False,True,False,False,3,15.2458,0,256,3,1,False,False,False,True,False
False,False,True,False,False,True,False,False,1,79.2,1,257,1,1,False,False,False,True,False
True,False,False,False,False,False,False,True,1,86.5,1,258,1,1,False,True,False,False,False
True,False,False,False,False,True,False,False,1,512.3292,1,259,1,1,False,True,False,False,False
False,False,True,False,False,False,False,True,2,26.0,0,260,2,1,False,False,False,True,False
True,False,False,False,False,False,True,False,1,7.75,1,261,3,0,False,False,True,False,False
False,True,False,False,False,False,False,True,7,31.3875,0,262,3,1,True,False,False,False,False
False,False,True,False,False,False,False,True,3,79.65,0,263,1,0,False,False,True,False,False
True,False,False,False,False,False,False,True,1,0.0,1,264,1,0,False,False,True,False,False
False,False,False,False,True,False,True,False,1,7.75,1,265,3,0,False,True,False,False,False
True,False,False,False,False,False,False,True,1,10.5,1,266,2,0,False,False,True,False,False
False,False,False,False,True,False,False,True,6,39.6875,0,267,3,0,False,False,True,False,False
True,False,False,False,False,False,False,True,2,7.775,0,268,3,1,False,False,True,False,False
False,False,True,False,False,False,False,True,2,153.4625,0,269,1,1,False,False,False,True,False
True,False,False,False,False,False,False,True,1,135.6333,1,270,1,1,False,True,False,False,False
True,False,False,False,False,False,False,True,1,31.0,1,271,1,0,False,False,True,False,False
True,False,False,False,False,False,False,True,1,0.0,1,272,3,1,False,False,True,False,False
False,False,True,False,False,False,False,True,2,19.5,0,273,2,1,False,False,False,True,False
True,False,False,False,False,True,False,False,2,29.7,0,274,1,0,False,False,True,False,False
False,False,False,False,True,False,True,False,1,7.75,1,275,3,1,False,True,False,False,False
False,False,False,True,False,False,False,True,2,77.9583,0,276,1,1,False,True,False,False,False
False,False,True,False,False,False,False,True,1,7.75,1,277,3,0,False,True,False,False,False
True,False,False,False,False,False,False,True,1,0.0,1,278,2,0,False,False,True,False,False
False,False,False,False,True,False,True,False,6,29.125,0,279,3,0,True,False,False,False,False
True,False,False,False,False,False,False,True,3,20.25,0,280,3,1,False,False,False,True,False
False,False,False,True,False,False,True,False,1,7.75,1,281,3,0,False,False,True,False,False
True,False,False,False,False,False,False,True,1,7.8542,1,282,3,0,False,False,True,False,False
False,False,False,False,True,False,False,True,1,9.5,1,283,3,0,False,False,True,False,False
False,False,False,False,True,False,False,True,1,8.05,1,284,3,1,False,False,True,False,False
True,False,False,False,False,False,False,True,1,26.0,1,285,1,0,False,False,True,False,False
True,False,False,False,False,True,False,False,1,8.6625,1,286,3,0,False,False,True,False,False
True,False,False,False,False,False,False,True,1,9.5,1,287,3,1,False,False,True,False,False
True,False,False,False,False,False,False,True,1,7.8958,1,288,3,0,False,False,True,False,False
False,False,True,False,False,False,False,True,1,13.0,1,289,2,1,False,False,True,False,False
True,False,False,False,False,False,True,False,1,7.75,1,290,3,1,False,True,False,False,False
True,False,False,False,False,False,False,True,1,78.85,1,291,1,1,False,True,False,False,False
False,False,False,False,True,True,False,False,2,91.0792,0,292,1,1,False,False,False,True,False
True,False,False,False,False,True,False,False,1,12.875,1,293,2,0,False,False,True,False,False
True,False,False,False,False,False,False,True,1,8.85,1,294,3,0,False,True,False,False,False
True,False,False,False,False,False,False,True,1,7.8958,1,295,3,0,False,False,True,False,False
True,False,False,False,False,True,False,False,1,27.7208,1,296,1,0,False,False,True,False,False
True,False,False,False,False,True,False,False,1,7.2292,1,297,3,0,False,False,True,False,False
False,True,False,False,False,False,False,True,4,151.55,0,298,1,0,False,True,False,False,False
True,False,False,False,False,False,False,True,1,30.5,1,299,1,1,False,False,True,False,False
False,False,True,False,False,True,False,False,2,247.5208,0,300,1,1,False,False,False,True,False
False,False,False,False,True,False,True,False,1,7.75,1,301,3,1,False,True,False,False,False
True,False,False,False,False,False,True,False,3,23.25,0,302,3,1,False,False,True,False,False
False,False,False,False,True,False,False,True,1,0.0,1,303,3,0,False,False,True,False,False
True,False,False,False,False,False,True,False,1,12.35,1,304,2,1,False,True,False,False,False
True,False,False,False,False,False,False,True,1,8.05,1,305,3,0,False,False,True,False,False
False,True,False,False,False,False,False,True,4,151.55,0,306,1,1,True,False,False,False,False
True,False,False,False,False,True,False,False,1,110.8833,1,307,1,1,False,True,False,False,False
False,False,False,False,True,True,False,False,2,108.9,0,308,1,1,False,False,False,True,False
True,False,False,False,False,True,False,False,2,24.0,0,309,2,0,False,False,True,False,False
True,False,False,False,False,True,False,False,1,56.9292,1,310,1,1,False,True,False,False,False
True,False,False,False,False,True,False,False,1,83.1583,1,311,1,1,False,True,False,False,False
False,False,False,False,True,True,False,False,5,262.375,0,312,1,1,False,True,False,False,False
True,False,False,False,False,False,False,True,3,26.0,0,313,2,0,False,False,False,True,False
True,False,False,False,False,False,False,True,1,7.8958,1,314,3,0,False,False,True,False,False
False,False,True,False,False,False,False,True,3,26.25,0,315,2,0,False,False,True,False,False
True,False,False,False,False,False,False,True,1,7.8542,1,316,3,1,False,True,False,False,False
True,False,False,False,False,False,False,True,2,26.0,0,317,2,1,False,False,False,True,False
False,False,True,False,False,False,False,True,1,14.0,1,318,2,0,False,False,False,False,True
True,False,False,False,False,False,False,True,3,164.8667,0,319,1,1,False,True,False,False,False
True,False,False,False,False,True,False,False,3,134.5,0,320,1,1,False,False,False,True,False
True,False,False,False,False,False,False,True,1,7.25,1,321,3,0,False,False,True,False,False
True,False,False,False,False,False,False,True,1,7.8958,1,322,3,0,False,False,True,False,False
True,False,False,False,False,False,True,False,1,12.35,1,323,2,1,False,True,False,False,False
True,False,False,False,False,False,False,True,3,29.0,0,324,2,1,False,False,False,True,False
True,False,False,False,False,False,False,True,11,69.55,0,325,3,0,False,False,True,False,False
True,False,False,False,False,True,False,False,1,135.6333,1,326,1,1,False,True,False,False,False
False,False,False,True,False,False,False,True,1,6.2375,1,327,3,0,False,False,True,False,False
True,False,False,False,False,False,False,True,1,13.0,1,328,2,1,False,False,False,True,False
True,False,False,False,False,False,False,True,3,20.525,0,329,3,1,False,False,False,True,False
False,False,False,False,True,True,False,False,2,57.9792,0,330,1,1,False,True,False,False,False
False,False,False,False,True,False,True,False,3,23.25,0,331,3,1,False,True,False,False,False
False,False,True,False,False,False,False,True,1,28.5,1,332,1,0,False,False,True,False,False
True,False,False,False,False,False,False,True,2,153.4625,0,333,1,0,False,False,True,False,False
False,False,False,False,True,False,False,True,3,18.0,0,334,3,0,False,False,True,False,False
False,False,True,False,False,False,False,True,2,133.65,0,335,1,1,False,False,False,True,False
True,False,False,False,False,False,False,True,1,7.8958,1,336,3,0,False,False,True,False,False
True,False,False,False,False,False,False,True,2,66.6,0,337,1,0,False,False,True,False,False
False,False,True,False,False,True,False,False,1,134.5,1,338,1,1,False,True,False,False,False
False,False,True,False,False,False,False,True,1,8.05,1,339,3,1,False,False,True,False,False
False,False,True,False,False,False,False,True,1,35.5,1,340,1,0,False,False,True,False,False
False,True,False,False,False,False,False,True,3,26.0,0,341,2,1,True,False,False,False,False
True,False,False,False,False,False,False,True,6,263.0,0,342,1,1,False,True,False,False,False
True,False,False,False,False,False,False,True,1,13.0,1,343,2,0,False,False,True,False,False
True,False,False,False,False,False,False,True,1,13.0,1,344,2,0,False,False,True,False,False
True,False,False,False,False,False,False,True,1,13.0,1,345,2,0,False,False,True,False,False
True,False,False,False,False,False,False,True,1,13.0,1,346,2,1,False,True,False,False,False
True,False,False,False,False,False,False,True,1,13.0,1,347,2,1,False,True,False,False,False
True,False,False,False,False,False,False,True,2,16.1,0,348,3,1,False,False,False,True,False
False,True,False,False,False,False,False,True,3,15.9,0,349,3,1,True,False,False,False,False
False,False,True,False,False,False,False,True,1,8.6625,1,350,3,0,False,False,True,False,False
True,False,False,False,False,False,False,True,1,9.225,1,351,3,0,False,False,True,False,False
True,False,False,False,False,False,False,True,1,35.0,1,352,1,0,False,False,True,False,False
False,False,False,False,True,True,False,False,3,7.2292,0,353,3,0,False,False,True,False,False
True,False,False,False,False,False,False,True,2,17.8,0,354,3,0,False,False,True,False,False
True,False,False,False,False,True,False,False,1,7.225,1,355,3,0,False,False,True,False,False
True,False,False,False,False,False,False,True,1,9.5,1,356,3,0,False,False,True,False,False
True,False,False,False,False,False,False,True,2,55.0,0,357,1,1,False,True,False,False,False
True,False,False,False,False,False,False,True,1,13.0,1,358,2,0,False,True,False,False,False
False,False,False,False,True,False,True,False,1,7.8792,1,359,3,1,False,True,False,False,False
False,False,False,False,True,False,True,False,1,7.8792,1,360,3,1,False,True,False,False,False
True,False,False,False,False,False,False,True,6,27.9,0,361,3,0,False,False,True,False,False
True,False,False,False,False,True,False,False,2,27.7208,0,362,2,0,False,False,True,False,False
False,False,True,False,False,True,False,False,2,14.4542,0,363,3,0,False,False,False,True,False
True,False,False,False,False,False,False,True,1,7.05,1,364,3,0,False,False,True,False,False
True,False,False,False,False,False,True,False,2,15.5,0,365,3,0,False,False,True,False,False
True,False,False,False,False,False,False,True,1,7.25,1,366,3,0,False,False,True,False,False
False,False,True,False,False,True,False,False,2,75.25,0,367,1,1,False,False,False,True,False
True,False,False,False,False,True,False,False,1,7.2292,1,368,3,1,False,False,False,True,False
False,False,False,False,True,False,True,False,1,7.75,1,369,3,1,False,True,False,False,False
True,False,False,False,False,True,False,False,1,69.3,1,370,1,1,False,False,False,False,True
True,False,False,False,False,True,False,False,2,55.4417,0,371,1,1,False,False,True,False,False
False,False,False,False,True,False,False,True,2,6.4958,0,372,3,0,False,False,True,False,False
False,False,False,False,True,False,False,True,1,8.05,1,373,3,0,False,False,True,False,False
True,False,False,False,False,True,False,False,1,135.6333,1,374,1,0,False,False,True,False,False
False,True,False,False,False,False,False,True,5,21.075,0,375,3,0,False,True,False,False,False
False,False,True,False,False,True,False,False,2,82.1708,0,376,1,1,False,False,False,True,False
True,False,False,False,False,False,False,True,1,7.25,1,377,3,1,False,True,False,False,False
True,False,False,False,False,True,False,False,3,211.5,0,378,1,0,False,False,True,False,False
False,False,False,False,True,True,False,False,1,4.0125,1,379,3,0,False,False,True,False,False
False,False,False,False,True,False,False,True,1,7.775,1,380,3,0,False,False,True,False,False
False,False,True,False,False,True,False,False,1,227.525,1,381,1,1,False,True,False,False,False
False,True,False,False,False,True,False,False,3,15.7417,0,382,3,1,False,True,False,False,False
True,False,False,False,False,False,False,True,1,7.925,1,383,3,0,False,False,True,False,False
True,False,False,False,False,False,False,True,2,52.0,0,384,1,1,False,False,False,True,False
True,False,False,False,False,False,False,True,1,7.8958,1,385,3,0,False,False,True,False,False
False,False,False,False,True,False,False,True,1,73.5,1,386,2,0,False,False,True,False,False
False,True,False,False,False,False,False,True,8,46.9,0,387,3,0,True,False,False,False,False
True,False,False,False,False,False,False,True,1,13.0,1,388,2,1,False,True,False,False,False
True,False,False,False,False,False,True,False,1,7.7292,1,389,3,0,False,False,True,False,False
False,False,False,False,True,True,False,False,1,12.0,1,390,2,1,False,True,False,False,False
True,False,False,False,False,False,False,True,4,120.0,0,391,1,1,False,False,True,False,False
True,False,False,False,False,False,False,True,1,7.7958,1,392,3,1,False,False,True,False,False
True,False,False,False,False,False,False,True,3,7.925,0,393,3,0,False,False,True,False,False
True,False,False,False,False,True,False,False,2,113.275,0,394,1,1,False,True,False,False,False
True,False,False,False,False,False,False,True,3,16.7,0,395,3,1,False,False,False,True,False
True,False,False,False,False,False,False,True,1,7.7958,1,396,3,0,False,False,True,False,False
True,False,False,False,False,False,False,True,1,7.8542,1,397,3,0,False,True,False,False,False
False,False,True,False,False,False,False,True,1,26.0,1,398,2,0,False,False,True,False,False
True,False,False,False,False,False,False,True,1,10.5,1,399,2,0,False,False,False,False,True
True,False,False,False,False,False,False,True,1,12.65,1,400,2,1,False,False,False,True,False
True,False,False,False,False,False,False,True,1,7.925,1,401,3,1,False,False,True,False,False
True,False,False,False,False,False,False,True,1,8.05,1,402,3,0,False,False,True,False,False
True,False,False,False,False,False,False,True,2,9.825,0,403,3,0,False,True,False,False,False
True,False,False,False,False,False,False,True,2,15.85,0,404,3,0,False,False,True,False,False
False,False,False,False,True,False,False,True,1,8.6625,1,405,3,0,False,True,False,False,False
True,False,False,False,False,False,False,True,2,21.0,0,406,2,0,False,False,True,False,False
False,False,True,False,False,False,False,True,1,7.75,1,407,3,0,False,False,True,False,False
False,True,False,False,False,False,False,True,3,18.75,0,408,2,1,True,False,False,False,False
True,False,False,False,False,False,False,True,1,7.775,1,409,3,0,False,False,True,False,False
False,False,False,False,True,False,False,True,5,25.4667,0,410,3,0,False,True,False,False,False
True,False,False,False,False,False,False,True,1,7.8958,1,411,3,0,False,False,True,False,False
True,False,False,False,False,False,True,False,1,6.8583,1,412,3,0,False,False,True,False,False
True,False,False,False,False,False,True,False,2,90.0,0,413,1,1,False,True,False,False,False
True,False,False,False,False,False,False,True,1,0.0,1,414,2,0,False,False,True,False,False
False,False,True,False,False,False,False,True,1,7.925,1,415,3,1,False,False,True,False,False
True,False,False,False,False,False,False,True,1,8.05,1,416,3,0,False,False,False,True,False
True,False,False,False,False,False,False,True,3,32.5,0,417,2,1,False,False,False,True,False
False,False,False,False,True,False,False,True,3,13.0,0,418,2,1,False,True,False,False,False
True,False,False,False,False,False,False,True,1,13.0,1,419,2,0,False,False,True,False,False
False,False,False,False,True,False,False,True,3,24.15,0,420,3,0,False,True,False,False,False
True,False,False,False,False,True,False,False,1,7.8958,1,421,3,0,False,False,True,False,False
True,False,False,False,False,False,True,False,1,7.7333,1,422,3,0,False,False,True,False,False
True,False,False,False,False,False,False,True,1,7.875,1,423,3,0,False,False,True,False,False
True,False,False,False,False,False,False,True,3,14.4,0,424,3,0,False,False,False,True,False
False,False,False,False,True,False,False,True,3,20.2125,0,425,3,0,False,False,True,False,False
True,False,False,False,False,False,False,True,1,7.25,1,426,3,0,False,False,True,False,False
True,False,False,False,False,False,False,True,2,26.0,0,427,2,1,False,False,False,True,False
False,False,False,False,True,False,False,True,1,26.0,1,428,2,1,False,True,False,False,False
True,False,False,False,False,False,True,False,1,7.75,1,429,3,0,False,False,True,False,False
True,False,False,False,False,False,False,True,1,8.05,1,430,3,1,False,False,True,False,False
True,False,False,False,False,False,False,True,1,26.55,1,431,1,1,False,False,True,False,False
True,False,False,False,False,False,False,True,2,16.1,0,432,3,1,False,False,False,True,False
False,False,True,False,False,False,False,True,2,26.0,0,433,2,1,False,False,False,True,False
False,False,False,False,True,False,False,True,1,7.125,1,434,3,0,False,False,True,False,False
False,False,True,False,False,False,False,True,2,55.9,0,435,1,0,False,False,True,False,False
False,False,False,False,True,False,False,True,4,120.0,0,436,1,1,False,True,False,False,False
True,False,False,False,False,False,False,True,5,34.375,0,437,3,0,False,True,False,False,False
True,False,False,False,False,False,False,True,6,18.75,0,438,2,1,False,False,False,True,False
False,False,False,True,False,False,False,True,6,263.0,0,439,1,0,False,False,True,False,False
True,False,False,False,False,False,False,True,1,10.5,1,440,2,0,False,False,True,False,False
False,False,True,False,False,False,False,True,3,26.25,0,441,2,1,False,False,False,True,False
False,False,False,False,True,False,False,True,1,9.5,1,442,3,0,False,False,True,False,False
True,False,False,False,False,False,False,True,2,7.775,0,443,3,0,False,False,True,False,False
True,False,False,False,False,False,False,True,1,13.0,1,444,2,1,False,False,False,False,True
True,False,False,False,False,False,False,True,1,8.1125,1,445,3,1,False,False,True,False,False
False,True,False,False,False,False,False,True,3,81.8583,0,446,1,1,True,False,False,False,False
False,False,False,False,True,False,False,True,2,19.5,0,447,2,1,False,True,False,False,False
True,False,False,False,False,False,False,True,1,26.55,1,448,1,1,False,False,True,False,False
False,True,False,False,False,True,False,False,4,19.2583,0,449,3,1,False,True,False,False,False
False,False,True,False,False,False,False,True,1,30.5,1,450,1,1,False,False,False,False,True
True,False,False,False,False,False,False,True,4,27.75,0,451,2,0,False,False,True,False,False
True,False,False,False,False,False,False,True,2,19.9667,0,452,3,0,False,False,True,False,False
True,False,False,False,False,True,False,False,1,27.75,1,453,1,0,False,False,True,False,False
False,False,True,False,False,True,False,False,2,89.1042,0,454,1,1,False,False,True,False,False
True,False,False,False,False,False,False,True,1,8.05,1,455,3,0,False,False,True,False,False
True,False,False,False,False,True,False,False,1,7.8958,1,456,3,1,False,False,True,False,False
False,False,False,True,False,False,False,True,1,26.55,1,457,1,0,False,False,True,False,False
False,False,True,False,False,False,False,True,2,51.8625,0,458,1,1,False,False,False,True,False
False,False,True,False,False,False,False,True,1,10.5,1,459,2,1,False,True,False,False,False
True,False,False,False,False,False,True,False,1,7.75,1,460,3,0,False,False,True,False,False
False,False,True,False,False,False,False,True,1,26.55,1,461,1,1,False,False,True,False,False
True,False,False,False,False,False,False,True,1,8.05,1,462,3,0,False,False,True,False,False
False,False,True,False,False,False,False,True,1,38.5,1,463,1,0,False,False,True,False,False
False,False,True,False,False,False,False,True,1,13.0,1,464,2,0,False,False,True,False,False
True,False,False,False,False,False,False,True,1,8.05,1,465,3,0,False,False,True,False,False
True,False,False,False,False,False,False,True,1,7.05,1,466,3,0,False,False,True,False,False
True,False,False,False,False,False,False,True,1,0.0,1,467,2,0,False,False,True,False,False
False,False,True,False,False,False,False,True,1,26.55,1,468,1,0,False,False,True,False,False
True,False,False,False,False,False,True,False,1,7.725,1,469,3,0,False,False,True,False,False
False,True,False,False,False,True,False,False,4,19.2583,0,470,3,1,False,True,False,False,False
True,False,False,False,False,False,False,True,1,7.25,1,471,3,0,False,False,True,False,False
True,False,False,False,False,False,False,True,1,8.6625,1,472,3,0,False,False,True,False,False
True,False,False,False,False,False,False,True,4,27.75,0,473,2,1,False,False,False,True,False
True,False,False,False,False,True,False,False,1,13.7917,1,474,2,1,False,False,False,True,False
True,False,False,False,False,False,False,True,1,9.8375,1,475,3,0,False,True,False,False,False
True,False,False,False,False,False,False,True,1,52.0,1,476,1,0,False,False,True,False,False
True,False,False,False,False,False,False,True,2,21.0,0,477,2,0,False,False,True,False,False
True,False,False,False,False,False,False,True,2,7.0458,0,478,3,0,False,False,True,False,False
True,False,False,False,False,False,False,True,1,7.5208,1,479,3,0,False,False,True,False,False
False,True,False,False,False,False,False,True,2,12.2875,0,480,3,1,False,True,False,False,False
False,False,False,False,True,False,False,True,8,46.9,0,481,3,0,True,False,False,False,False
True,False,False,False,False,False,False,True,1,0.0,1,482,2,0,False,False,True,False,False
False,False,True,False,False,False,False,True,1,8.05,1,483,3,0,False,False,True,False,False
False,False,False,True,False,False,False,True,1,9.5875,1,484,3,1,False,False,False,True,False
True,False,False,False,False,True,False,False,2,91.0792,0,485,1,1,False,False,True,False,False
False,False,False,False,True,False,False,True,5,25.4667,0,486,3,0,False,True,False,False,False
True,False,False,False,False,False,False,True,2,90.0,0,487,1,1,False,False,False,True,False
False,False,True,False,False,True,False,False,1,29.7,1,488,1,0,False,False,True,False,False
True,False,False,False,False,False,False,True,1,8.05,1,489,3,0,False,False,True,False,False
False,False,False,False,True,False,False,True,3,15.9,0,490,3,1,True,False,False,False,False
True,False,False,False,False,False,False,True,2,19.9667,0,491,3,0,False,False,True,False,False
True,False,False,False,False,False,False,True,1,7.25,1,492,3,0,False,False,True,False,False
False,False,True,False,False,False,False,True,1,30.5,1,493,1,0,False,False,True,False,False
False,False,False,True,False,True,False,False,1,49.5042,1,494,1,0,False,False,True,False,False
True,False,False,False,False,False,False,True,1,8.05,1,495,3,0,False,False,True,False,False
True,False,False,False,False,True,False,False,1,14.4583,1,496,3,0,False,False,True,False,False
False,False,True,False,False,True,False,False,2,78.2667,0,497,1,1,False,True,False,False,False
True,False,False,False,False,False,False,True,1,15.1,1,498,3,0,False,False,True,False,False
True,False,False,False,False,False,False,True,4,151.55,0,499,1,0,False,False,False,True,False
True,False,False,False,False,False,False,True,1,7.7958,1,500,3,0,False,False,True,False,False
False,False,False,False,True,False,False,True,1,8.6625,1,501,3,0,False,False,True,False,False
True,False,False,False,False,False,True,False,1,7.75,1,502,3,0,False,True,False,False,False
False,False,False,False,True,False,True,False,1,7.6292,1,503,3,0,False,True,False,False,False
True,False,False,False,False,False,False,True,1,9.5875,1,504,3,0,False,True,False,False,False
False,False,False,False,True,False,False,True,1,86.5,1,505,1,1,False,True,False,False,False
False,False,False,False,True,True,False,False,2,108.9,0,506,1,0,False,False,True,False,False
True,False,False,False,False,False,False,True,3,26.0,0,507,2,1,False,False,False,True,False
True,False,False,False,False,False,False,True,1,26.55,1,508,1,1,False,False,True,False,False
True,False,False,False,False,False,False,True,1,22.525,1,509,3,0,False,False,True,False,False
True,False,False,False,False,False,False,True,1,56.4958,1,510,3,1,False,False,True,False,False
True,False,False,False,False,False,True,False,1,7.75,1,511,3,1,False,False,True,False,False
True,False,False,False,False,False,False,True,1,8.05,1,512,3,0,False,False,True,False,False
True,False,False,False,False,False,False,True,1,26.2875,1,513,1,1,False,False,True,False,False
False,False,True,False,False,True,False,False,2,59.4,0,514,1,1,False,False,False,True,False
True,False,False,False,False,False,False,True,1,7.4958,1,515,3,0,False,False,True,False,False
False,False,True,False,False,False,False,True,1,34.0208,1,516,1,0,False,False,True,False,False
True,False,False,False,False,False,False,True,1,10.5,1,517,2,1,False,False,False,True,False
True,False,False,False,False,False,True,False,1,24.15,1,518,3,0,False,False,True,False,False
True,False,False,False,False,False,False,True,2,26.0,0,519,2,1,False,False,False,True,False
True,False,False,False,False,False,False,True,1,7.8958,1,520,3,0,False,False,True,False,False
True,False,False,False,False,False,False,True,1,93.5,1,521,1,1,False,True,False,False,False
True,False,False,False,False,False,False,True,1,7.8958,1,522,3,0,False,False,True,False,False
True,False,False,False,False,True,False,False,1,7.225,1,523,3,0,False,False,True,False,False
False,False,True,False,False,True,False,False,2,57.9792,0,524,1,1,False,False,False,True,False
True,False,False,False,False,True,False,False,1,7.2292,1,525,3,0,False,False,True,False,False
False,False,True,False,False,False,True,False,1,7.75,1,526,3,0,False,False,True,False,False
False,False,True,False,False,False,False,True,1,10.5,1,527,2,1,False,True,False,False,False
True,False,False,False,False,False,False,True,1,221.7792,1,528,1,0,False,False,True,False,False
True,False,False,False,False,False,False,True,1,7.925,1,529,3,0,False,False,True,False,False
True,False,False,False,False,False,False,True,4,11.5,0,530,2,0,False,False,True,False,False
False,True,False,False,False,False,False,True,3,26.0,0,531,2,1,False,True,False,False,False
True,False,False,False,False,True,False,False,1,7.2292,1,532,3,0,False,False,True,False,False
False,False,False,False,True,True,False,False,3,7.2292,0,533,3,0,False,False,True,False,False
True,False,False,False,False,True,False,False,3,22.3583,0,534,3,1,False,False,False,True,False
True,False,False,False,False,False,False,True,1,8.6625,1,535,3,0,False,True,False,False,False
False,False,False,False,True,False,False,True,3,26.25,0,536,2,1,False,True,False,False,False
False,False,True,False,False,False,False,True,1,26.55,1,537,1,0,False,False,False,False,True
True,False,False,False,False,True,False,False,1,106.425,1,538,1,1,False,True,False,False,False
True,False,False,False,False,False,False,True,1,14.5,1,539,3,0,False,False,True,False,False
True,False,False,False,False,True,False,False,3,49.5,0,540,1,1,False,True,False,False,False
True,False,False,False,False,False,False,True,3,71.0,0,541,1,1,False,True,False,False,False
False,False,False,False,True,False,False,True,7,31.275,0,542,3,0,False,True,False,False,False
False,False,False,False,True,False,False,True,7,31.275,0,543,3,0,False,True,False,False,False
True,False,False,False,False,False,False,True,2,26.0,0,544,2,1,False,False,True,False,False
False,False,True,False,False,True,False,False,2,106.425,0,545,1,0,False,False,True,False,False
False,False,False,True,False,False,False,True,1,26.0,1,546,1,0,False,False,True,False,False
False,False,False,False,True,False,False,True,2,26.0,0,547,2,1,False,False,False,True,False
True,False,False,False,False,True,False,False,1,13.8625,1,548,2,1,False,False,True,False,False
True,False,False,False,False,False,False,True,3,20.525,0,549,3,0,False,False,True,False,False
False,False,False,False,True,False,False,True,3,36.75,0,550,2,1,True,False,False,False,False
False,False,False,False,True,True,False,False,3,110.8833,0,551,1,1,False,False,True,False,False
True,False,False,False,False,False,False,True,1,26.0,1,552,2,0,False,False,True,False,False
True,False,False,False,False,False,True,False,1,7.8292,1,553,3,0,False,False,True,False,False
True,False,False,False,False,True,False,False,1,7.225,1,554,3,1,False,False,True,False,False
True,False,False,False,False,False,False,True,1,7.775,1,555,3,1,False,True,False,False,False
False,False,False,True,False,False,False,True,1,26.55,1,556,1,0,False,False,True,False,False
False,False,True,False,False,True,False,False,2,39.6,0,557,1,1,False,False,False,False,True
True,False,False,False,False,True,False,False,1,227.525,1,558,1,0,False,False,True,False,False
True,False,False,False,False,False,False,True,3,79.65,0,559,1,1,False,False,False,True,False
True,False,False,False,False,False,False,True,2,17.4,0,560,3,1,False,False,False,True,False
True,False,False,False,False,False,True,False,1,7.75,1,561,3,0,False,False,True,False,False
True,False,False,False,False,False,False,True,1,7.8958,1,562,3,0,False,False,True,False,False
True,False,False,False,False,False,False,True,1,13.5,1,563,2,0,False,False,True,False,False
True,False,False,False,False,False,False,True,1,8.05,1,564,3,0,False,False,True,False,False
False,False,False,False,True,False,False,True,1,8.05,1,565,3,0,False,True,False,False,False
True,False,False,False,False,False,False,True,3,24.15,0,566,3,0,False,False,True,False,False
False,False,False,False,True,False,False,True,1,7.8958,1,567,3,0,False,False,True,False,False
True,False,False,False,False,False,False,True,5,21.075,0,568,3,0,False,False,False,True,False
True,False,False,False,False,True,False,False,1,7.2292,1,569,3,0,False,False,True,False,False
True,False,False,False,False,False,False,True,1,7.8542,1,570,3,1,False,False,True,False,False
False,False,False,True,False,False,False,True,1,10.5,1,571,2,1,False,False,True,False,False
False,False,True,False,False,False,False,True,3,51.4792,0,572,1,1,False,False,False,True,False
True,False,False,False,False,False,False,True,1,26.3875,1,573,1,1,False,False,True,False,False
False,False,False,False,True,False,True,False,1,7.75,1,574,3,1,False,True,False,False,False
False,False,False,False,True,False,False,True,1,8.05,1,575,3,0,False,False,True,False,False
False,False,False,False,True,False,False,True,1,14.5,1,576,3,0,False,False,True,False,False
True,False,False,False,False,False,False,True,1,13.0,1,577,2,1,False,True,False,False,False
True,False,False,False,False,False,False,True,2,55.9,0,578,1,1,False,False,False,True,False
True,False,False,False,False,True,False,False,2,14.4583,0,579,3,0,False,False,False,True,False
True,False,False,False,False,False,False,True,1,7.925,1,580,3,1,False,False,True,False,False
True,False,False,False,False,False,False,True,3,30.0,0,581,2,1,False,True,False,False,False
True,False,False,False,False,True,False,False,3,110.8833,0,582,1,1,False,False,False,True,False
False,False,True,False,False,False,False,True,1,26.0,1,583,2,0,False,False,True,False,False
True,False,False,False,False,True,False,False,1,40.125,1,584,1,0,False,False,True,False,False
True,False,False,False,False,True,False,False,1,8.7125,1,585,3,0,False,False,True,False,False
False,False,False,False,True,False,False,True,3,79.65,0,586,1,1,False,True,False,False,False
False,False,True,False,False,False,False,True,1,15.0,1,587,2,0,False,False,True,False,False
False,False,True,False,False,True,False,False,3,79.2,0,588,1,1,False,False,True,False,False
True,False,False,False,False,False,False,True,1,8.05,1,589,3,0,False,False,True,False,False
True,False,False,False,False,False,False,True,1,8.05,1,590,3,0,False,False,True,False,False
True,False,False,False,False,False,False,True,1,7.125,1,591,3,0,False,False,True,False,False
False,False,True,False,False,True,False,False,2,78.2667,0,592,1,1,False,False,False,True,False
False,False,True,False,False,False,False,True,1,7.25,1,593,3,0,False,False,True,False,False
False,False,False,False,True,False,True,False,3,7.75,0,594,3,0,False,True,False,False,False
True,False,False,False,False,False,False,True,2,26.0,0,595,2,0,False,False,True,False,False
True,False,False,False,False,False,False,True,3,24.15,0,596,3,0,False,False,True,False,False
True,False,False,False,False,False,False,True,1,33.0,1,597,2,1,False,True,False,False,False
False,False,True,False,False,False,False,True,1,0.0,1,598,3,0,False,False,True,False,False
True,False,False,False,False,True,False,False,1,7.225,1,599,3,0,False,False,True,False,False
False,False,True,False,False,True,False,False,2,56.9292,0,600,1,1,False,False,False,False,True
True,False,False,False,False,False,False,True,4,27.0,0,601,2,1,False,False,False,True,False
True,False,False,False,False,False,False,True,1,7.8958,1,602,3,0,False,False,True,False,False
True,False,False,False,False,False,False,True,1,42.4,1,603,1,0,False,False,True,False,False
False,False,True,False,False,False,False,True,1,8.05,1,604,3,0,False,False,True,False,False
True,False,False,False,False,True,False,False,1,26.55,1,605,1,1,False,False,True,False,False
True,False,False,False,False,False,False,True,2,15.55,0,606,3,0,False,False,True,False,False
True,False,False,False,False,False,False,True,1,7.8958,1,607,3,0,False,False,True,False,False
True,False,False,False,False,False,False,True,1,30.5,1,608,1,1,False,False,True,False,False
True,False,False,False,False,True,False,False,4,41.5792,0,609,2,1,False,False,False,True,False
True,False,False,False,False,False,False,True,1,153.4625,1,610,1,1,False,True,False,False,False
True,False,False,False,False,False,False,True,7,31.275,0,611,3,0,False,False,False,True,False
True,False,False,False,False,False,False,True,1,7.05,1,612,3,0,False,False,True,False,False
False,False,False,False,True,False,True,False,2,15.5,0,613,3,1,False,True,False,False,False
True,False,False,False,False,False,True,False,1,7.75,1,614,3,0,False,False,True,False,False
True,False,False,False,False,False,False,True,1,8.05,1,615,3,0,False,False,True,False,False
True,False,False,False,False,False,False,True,4,65.0,0,616,2,1,False,True,False,False,False
True,False,False,False,False,False,False,True,3,14.4,0,617,3,0,False,False,True,False,False
True,False,False,False,False,False,False,True,2,16.1,0,618,3,0,False,False,False,True,False
False,True,False,False,False,False,False,True,4,39.0,0,619,2,1,False,True,False,False,False
True,False,False,False,False,False,False,True,1,10.5,1,620,2,0,False,False,True,False,False
True,False,False,False,False,True,False,False,2,14.4542,0,621,3,0,False,False,True,False,False
False,False,True,False,False,False,False,True,2,52.5542,0,622,1,1,False,False,True,False,False
False,False,False,False,True,True,False,False,3,15.7417,0,623,3,1,False,False,True,False,False
True,False,False,False,False,False,False,True,1,7.8542,1,624,3,0,False,False,True,False,False
True,False,False,False,False,False,False,True,1,16.1,1,625,3,0,False,False,True,False,False
False,False,False,True,False,False,False,True,1,32.3208,1,626,1,0,False,False,True,False,False
False,False,True,False,False,False,True,False,1,12.35,1,627,2,0,False,False,False,False,True
True,False,False,False,False,False,False,True,1,77.9583,1,628,1,1,False,True,False,False,False
True,False,False,False,False,False,False,True,1,7.8958,1,629,3,0,False,False,True,False,False
True,False,False,False,False,False,True,False,1,7.7333,1,630,3,0,False,False,True,False,False
False,False,False,True,False,False,False,True,1,30.0,1,631,1,1,False,False,True,False,False
False,False,True,False,False,False,False,True,1,7.0542,1,632,3,0,False,False,True,False,False
True,False,False,False,False,True,False,False,1,30.5,1,633,1,1,False,False,False,False,True
True,False,False,False,False,False,False,True,1,0.0,1,634,1,0,False,False,True,False,False
False,False,False,False,True,False,False,True,6,27.9,0,635,3,0,False,True,False,False,False
True,False,False,False,False,False,False,True,1,13.0,1,636,2,1,False,True,False,False,False
True,False,False,False,False,False,False,True,1,7.925,1,637,3,0,False,False,True,False,False
True,False,False,False,False,False,False,True,3,26.25,0,638,2,0,False,False,True,False,False
False,False,True,False,False,False,False,True,6,39.6875,0,639,3,0,False,False,False,True,False
True,False,False,False,False,False,False,True,2,16.1,0,640,3,0,False,False,True,False,False
False,False,False,False,True,False,False,True,1,7.8542,1,641,3,0,False,False,True,False,False
True,False,False,False,False,True,False,False,1,69.3,1,642,1,1,False,False,False,False,True
False,True,False,False,False,False,False,True,6,27.9,0,643,3,0,False,True,False,False,False
True,False,False,False,False,False,False,True,1,56.4958,1,644,3,1,False,False,True,False,False
False,True,False,False,False,True,False,False,4,19.2583,0,645,3,1,False,True,False,False,False
False,False,True,False,False,True,False,False,2,76.7292,0,646,1,1,False,False,True,False,False
False,False,False,False,True,False,False,True,1,7.8958,1,647,3,0,False,False,True,False,False
False,False,True,False,False,True,False,False,1,35.5,1,648,1,1,False,False,False,False,True
True,False,False,False,False,False,False,True,1,7.55,1,649,3,0,False,False,True,False,False
True,False,False,False,False,False,False,True,1,7.55,1,650,3,1,False,True,False,False,False
True,False,False,False,False,False,False,True,1,7.8958,1,651,3,0,False,False,True,False,False
False,False,False,False,True,False,False,True,2,23.0,0,652,2,1,False,True,False,False,False
True,False,False,False,False,False,False,True,1,8.4333,1,653,3,0,False,False,True,False,False
False,False,False,False,True,False,True,False,1,7.8292,1,654,3,1,False,True,False,False,False
False,False,False,False,True,False,True,False,1,6.75,1,655,3,0,False,True,False,False,False
True,False,False,False,False,False,False,True,3,73.5,0,656,2,0,False,False,True,False,False
True,False,False,False,False,False,False,True,1,7.8958,1,657,3,0,False,False,True,False,False
True,False,False,False,False,False,True,False,3,15.5,0,658,3,0,False,False,False,True,False
True,False,False,False,False,False,False,True,1,13.0,1,659,2,0,False,False,True,False,False
False,False,True,False,False,True,False,False,3,113.275,0,660,1,0,False,False,True,False,False
False,False,True,False,False,False,False,True,3,133.65,0,661,1,1,False,False,False,False,True
True,False,False,False,False,True,False,False,1,7.225,1,662,3,0,False,False,True,False,False
False,False,True,False,False,False,False,True,1,25.5875,1,663,1,0,False,False,True,False,False
True,False,False,False,False,False,False,True,1,7.4958,1,664,3,0,False,False,True,False,False
False,False,False,False,True,False,False,True,2,7.925,0,665,3,1,False,False,True,False,False
True,False,False,False,False,False,False,True,3,73.5,0,666,2,0,False,False,True,False,False
True,False,False,False,False,False,False,True,1,13.0,1,667,2,0,False,False,True,False,False
True,False,False,False,False,False,False,True,1,7.775,1,668,3,0,False,False,True,False,False
False,False,True,False,False,False,False,True,1,8.05,1,669,3,0,False,False,True,False,False
False,False,True,False,False,False,False,True,2,52.0,0,670,1,1,False,False,False,True,False
True,False,False,False,False,False,False,True,3,39.0,0,671,2,1,False,False,False,True,False
True,False,False,False,False,False,False,True,2,52.0,0,672,1,0,False,False,True,False,False
False,False,False,True,False,False,False,True,1,10.5,1,673,2,0,False,False,True,False,False
True,False,False,False,False,False,False,True,1,13.0,1,674,2,1,False,False,True,False,False
True,False,False,False,False,False,False,True,1,0.0,1,675,2,0,False,False,True,False,False
False,False,False,False,True,False,False,True,1,7.775,1,676,3,0,False,False,True,False,False
True,False,False,False,False,False,False,True,1,8.05,1,677,3,0,False,False,True,False,False
False,False,False,False,True,False,False,True,1,9.8417,1,678,3,1,False,True,False,False,False
False,False,True,False,False,False,False,True,8,46.9,0,679,3,0,False,False,False,True,False
True,False,False,False,False,True,False,False,2,512.3292,0,680,1,1,False,False,True,False,False
False,False,False,False,True,False,True,False,1,8.1375,1,681,3,0,False,True,False,False,False
True,False,False,False,False,True,False,False,1,76.7292,1,682,1,1,False,False,True,False,False
False,False,False,False,True,False,False,True,1,9.225,1,683,3,0,False,False,True,False,False
False,False,False,False,True,False,False,True,8,46.9,0,684,3,0,False,False,True,False,False
False,False,True,False,False,False,False,True,3,39.0,0,685,2,0,False,False,True,False,False
True,False,False,False,False,True,False,False,4,41.5792,0,686,2,0,False,False,True,False,False
False,False,False,False,True,False,False,True,6,39.6875,0,687,3,0,False,False,True,False,False
False,False,False,False,True,False,False,True,1,10.1708,1,688,3,0,False,False,True,False,False
False,False,False,False,True,False,False,True,1,7.7958,1,689,3,0,False,False,True,False,False
False,False,False,False,True,False,False,True,2,211.3375,0,690,1,1,False,True,False,False,False
True,False,False,False,False,False,False,True,2,57.0,0,691,1,1,False,False,True,False,False
False,True,False,False,False,True,False,False,2,13.4167,0,692,3,1,False,True,False,False,False
True,False,False,False,False,False,False,True,1,56.4958,1,693,3,1,False,False,True,False,False
True,False,False,False,False,True,False,False,1,7.225,1,694,3,0,False,False,True,False,False
False,False,True,False,False,False,False,True,1,26.55,1,695,1,0,False,False,False,False,True
False,False,True,False,False,False,False,True,1,13.5,1,696,2,0,False,False,True,False,False
False,False,True,False,False,False,False,True,1,8.05,1,697,3,0,False,False,True,False,False
False,False,False,False,True,False,True,False,1,7.7333,1,698,3,1,False,True,False,False,False
False,False,True,False,False,True,False,False,3,110.8833,0,699,1,0,False,False,True,False,False
False,False,True,False,False,False,False,True,1,7.65,1,700,3,0,False,False,True,False,False
False,False,False,False,True,True,False,False,2,227.525,0,701,1,1,False,False,False,True,False
True,False,False,False,False,False,False,True,1,26.2875,1,702,1,1,False,False,True,False,False
False,False,False,False,True,True,False,False,2,14.4542,0,703,3,0,False,True,False,False,False
True,False,False,False,False,False,True,False,1,7.7417,1,704,3,0,False,False,True,False,False
True,False,False,False,False,False,False,True,2,7.8542,0,705,3,0,False,False,True,False,False
True,False,False,False,False,False,False,True,1,26.0,1,706,2,0,False,False,True,False,False
False,False,True,False,False,False,False,True,1,13.5,1,707,2,1,False,False,False,True,False
False,False,True,False,False,False,False,True,1,26.2875,1,708,1,1,False,False,True,False,False
True,False,False,False,False,False,False,True,1,151.55,1,709,1,1,False,True,False,False,False
False,True,False,False,False,True,False,False,3,15.2458,0,710,3,1,True,False,False,False,False
True,False,False,False,False,True,False,False,1,49.5042,1,711,1,1,False,False,False,False,True
True,False,False,False,False,False,False,True,1,26.55,1,712,1,0,False,False,True,False,False
False,False,True,False,False,False,False,True,2,52.0,0,713,1,1,False,False,True,False,False
True,False,False,False,False,False,False,True,1,9.4833,1,714,3,0,False,False,True,False,False
False,False,True,False,False,False,False,True,1,13.0,1,715,2,0,False,False,True,False,False
False,False,False,False,True,False,False,True,1,7.65,1,716,3,0,False,False,True,False,False
True,False,False,False,False,True,False,False,1,227.525,1,717,1,1,False,True,False,False,False
True,False,False,False,False,False,False,True,1,10.5,1,718,2,1,False,True,False,False,False
True,False,False,False,False,False,True,False,1,15.5,1,719,3,0,False,False,True,False,False
True,False,False,False,False,False,False,True,1,7.775,1,720,3,0,False,False,True,False,False
False,True,False,False,False,False,False,True,2,33.0,0,721,2,1,False,True,False,False,False
False,False,False,False,True,False,False,True,2,7.0542,0,722,3,0,False,False,True,False,False
True,False,False,False,False,False,False,True,1,13.0,1,723,2,0,False,False,True,False,False
False,False,True,False,False,False,False,True,1,13.0,1,724,2,0,False,False,True,False,False
True,False,False,False,False,False,False,True,2,53.1,0,725,1,1,False,False,True,False,False
False,False,False,False,True,False,False,True,1,8.6625,1,726,3,0,False,False,True,False,False
True,False,False,False,False,False,False,True,4,21.0,0,727,2,1,False,False,False,True,False
False,False,False,False,True,False,True,False,1,7.7375,1,728,3,1,False,True,False,False,False
True,False,False,False,False,False,False,True,2,26.0,0,729,2,0,False,False,True,False,False
True,False,False,False,False,False,False,True,2,7.925,0,730,3,0,False,True,False,False,False
True,False,False,False,False,False,False,True,1,211.3375,1,731,1,1,False,True,False,False,False
False,False,False,False,True,True,False,False,1,18.7875,1,732,3,0,False,False,True,False,False
True,False,False,False,False,False,False,True,1,0.0,1,733,2,0,False,False,True,False,False
True,False,False,False,False,False,False,True,1,13.0,1,734,2,0,False,False,True,False,False
True,False,False,False,False,False,False,True,1,13.0,1,735,2,0,False,False,True,False,False
True,False,False,False,False,False,False,True,1,16.1,1,736,3,0,False,False,True,False,False
False,False,True,False,False,False,False,True,5,34.375,0,737,3,0,False,False,False,True,False
True,False,False,False,False,True,False,False,1,512.3292,1,738,1,1,False,False,True,False,False
True,False,False,False,False,False,False,True,1,7.8958,1,739,3,0,False,False,True,False,False
True,False,False,False,False,False,False,True,1,7.8958,1,740,3,0,False,False,True,False,False
True,False,False,False,False,False,False,True,1,30.0,1,741,1,1,False,False,True,False,False
True,False,False,False,False,False,False,True,2,78.85,0,742,1,0,False,False,True,False,False
True,False,False,False,False,True,False,False,5,262.375,0,743,1,1,False,True,False,False,False
True,False,False,False,False,False,False,True,2,16.1,0,744,3,0,False,False,True,False,False
True,False,False,False,False,False,False,True,1,7.925,1,745,3,1,False,False,True,False,False
False,False,False,True,False,False,False,True,3,71.0,0,746,1,0,False,False,False,False,True
False,False,False,False,True,False,False,True,3,20.25,0,747,3,0,False,False,True,False,False
True,False,False,False,False,False,False,True,1,13.0,1,748,2,1,False,True,False,False,False
False,False,False,False,True,False,False,True,2,53.1,0,749,1,0,False,False,True,False,False
True,False,False,False,False,False,True,False,1,7.75,1,750,3,0,False,False,True,False,False
False,True,False,False,False,False,False,True,3,23.0,0,751,2,1,False,True,False,False,False
False,True,False,False,False,False,False,True,2,12.475,0,752,3,1,True,False,False,False,False
True,False,False,False,False,False,False,True,1,9.5,1,753,3,0,False,False,True,False,False
True,False,False,False,False,False,False,True,1,7.8958,1,754,3,0,False,False,True,False,False
False,False,True,False,False,False,False,True,4,65.0,0,755,2,1,False,False,False,True,False
False,True,False,False,False,False,False,True,3,14.5,0,756,2,1,True,False,False,False,False
True,False,False,False,False,False,False,True,1,7.7958,1,757,3,0,False,False,True,False,False
False,False,False,False,True,False,False,True,1,11.5,1,758,2,0,False,False,True,False,False
True,False,False,False,False,False,False,True,1,8.05,1,759,3,0,False,False,True,False,False
True,False,False,False,False,False,False,True,1,86.5,1,760,1,1,False,False,False,False,True
True,False,False,False,False,False,False,True,1,14.5,1,761,3,0,False,False,True,False,False
False,False,True,False,False,False,False,True,1,7.125,1,762,3,0,False,False,True,False,False
False,False,False,False,True,True,False,False,1,7.2292,1,763,3,1,False,False,True,False,False
True,False,False,False,False,False,False,True,4,120.0,0,764,1,1,False,False,False,True,False
False,False,False,False,True,False,False,True,1,7.775,1,765,3,0,False,False,True,False,False
False,False,True,False,False,False,False,True,2,77.9583,0,766,1,1,False,False,False,True,False
False,False,True,False,False,True,False,False,1,39.6,1,767,1,0,False,False,False,False,True
True,False,False,False,False,False,True,False,1,7.75,1,768,3,0,False,True,False,False,False
True,False,False,False,False,False,True,False,2,24.15,0,769,3,0,False,False,True,False,False
True,False,False,False,False,False,False,True,1,8.3625,1,770,3,0,False,False,True,False,False
True,False,False,False,False,False,False,True,1,9.5,1,771,3,0,False,False,True,False,False
False,False,True,False,False,False,False,True,1,7.8542,1,772,3,0,False,False,True,False,False
False,False,True,False,False,False,False,True,1,10.5,1,773,2,0,False,False,False,True,False
True,False,False,False,False,True,False,False,1,7.225,1,774,3,0,False,False,True,False,False
False,False,True,False,False,False,False,True,5,23.0,0,775,2,1,False,False,False,True,False
False,False,False,False,True,False,False,True,1,7.75,1,776,3,0,False,False,True,False,False
True,False,False,False,False,False,True,False,1,7.75,1,777,3,0,False,False,True,False,False
False,True,False,False,False,False,False,True,1,12.475,1,778,3,1,False,True,False,False,False
True,False,False,False,False,False,True,False,1,7.7375,1,779,3,0,False,False,True,False,False
False,False,True,False,False,False,False,True,2,211.3375,0,780,1,1,False,False,False,True,False
False,False,False,False,True,True,False,False,1,7.2292,1,781,3,1,False,True,False,False,False
False,False,False,False,True,False,False,True,2,57.0,0,782,1,1,False,False,False,True,False
True,False,False,False,False,False,False,True,1,30.0,1,783,1,0,False,False,True,False,False
True,False,False,False,False,False,False,True,4,23.45,0,784,3,0,False,False,True,False,False
True,False,False,False,False,False,False,True,1,7.05,1,785,3,0,False,False,True,False,False
True,False,False,False,False,False,False,True,1,7.25,1,786,3,0,False,False,True,False,False
False,False,False,False,True,False,False,True,1,7.4958,1,787,3,1,False,True,False,False,False
False,False,False,False,True,False,True,False,6,29.125,0,788,3,0,True,False,False,False,False
False,True,False,False,False,False,False,True,4,20.575,0,789,3,1,True,False,False,False,False
False,False,True,False,False,True,False,False,1,79.2,1,790,1,0,False,False,True,False,False
True,False,False,False,False,False,True,False,1,7.75,1,791,3,0,False,False,True,False,False
False,False,False,False,True,False,False,True,1,26.0,1,792,2,0,False,False,True,False,False
False,False,False,False,True,False,False,True,11,69.55,0,793,3,0,False,True,False,False,False
True,False,False,False,False,True,False,False,1,30.6958,1,794,1,0,False,False,True,False,False
True,False,False,False,False,False,False,True,1,7.8958,1,795,3,0,False,False,True,False,False
True,False,False,False,False,False,False,True,1,13.0,1,796,2,0,False,False,True,False,False
False,False,True,False,False,False,False,True,1,25.9292,1,797,1,1,False,False,False,False,True
True,False,False,False,False,False,False,True,1,8.6833,1,798,3,1,False,False,False,True,False
True,False,False,False,False,True,False,False,1,7.2292,1,799,3,0,False,False,True,False,False
True,False,False,False,False,False,False,True,3,24.15,0,800,3,0,False,False,False,True,False
True,False,False,False,False,False,False,True,1,13.0,1,801,2,0,False,False,True,False,False
True,False,False,False,False,False,False,True,3,26.25,0,802,2,1,False,False,False,True,False
False,False,False,False,True,False,False,True,4,120.0,0,803,1,1,True,False,False,False,False
False,True,False,False,False,True,False,False,2,8.5167,0,804,3,1,True,False,False,False,False
True,False,False,False,False,False,False,True,1,6.975,1,805,3,1,False,False,True,False,False
True,False,False,False,False,False,False,True,1,7.775,1,806,3,0,False,False,True,False,False
True,False,False,False,False,False,False,True,1,0.0,1,807,1,0,False,False,True,False,False
False,False,False,False,True,False,False,True,1,7.775,1,808,3,0,False,True,False,False,False
True,False,False,False,False,False,False,True,1,13.0,1,809,2,0,False,False,True,False,False
True,False,False,False,False,False,False,True,2,53.1,0,810,1,1,False,False,False,True,False
True,False,False,False,False,False,False,True,1,7.8875,1,811,3,0,False,False,True,False,False
True,False,False,False,False,False,False,True,1,24.15,1,812,3,0,False,False,True,False,False
True,False,False,False,False,False,False,True,1,10.5,1,813,2,0,False,False,True,False,False
False,True,False,False,False,False,False,True,7,31.275,0,814,3,0,False,True,False,False,False
True,False,False,False,False,False,False,True,1,8.05,1,815,3,0,False,False,True,False,False
True,False,False,False,False,False,False,True,1,0.0,1,816,1,0,False,False,True,False,False
True,False,False,False,False,False,False,True,1,7.925,1,817,3,0,False,True,False,False,False
True,False,False,False,False,True,False,False,3,37.0042,0,818,2,0,False,False,True,False,False
False,False,True,False,False,False,False,True,1,6.45,1,819,3,0,False,False,True,False,False
False,False,False,False,True,False,False,True,6,27.9,0,820,3,0,True,False,False,False,False
False,False,True,False,False,False,False,True,3,93.5,0,821,1,1,False,False,False,True,False
True,False,False,False,False,False,False,True,1,8.6625,1,822,3,1,False,False,True,False,False
True,False,False,False,False,False,False,True,1,0.0,1,823,1,0,False,False,False,False,True
True,False,False,False,False,False,False,True,2,12.475,0,824,3,1,False,False,False,True,False
False,True,False,False,False,False,False,True,6,39.6875,0,825,3,0,True,False,False,False,False
True,False,False,False,False,False,True,False,1,6.95,1,826,3,0,False,False,True,False,False
True,False,False,False,False,False,False,True,1,56.4958,1,827,3,0,False,False,True,False,False
False,True,False,False,False,True,False,False,3,37.0042,0,828,2,1,True,False,False,False,False
True,False,False,False,False,False,True,False,1,7.75,1,829,3,1,False,False,True,False,False
False,False,False,True,False,False,False,True,1,80.0,1,830,1,1,False,False,False,True,False
False,False,False,False,True,True,False,False,2,14.4542,0,831,3,1,False,False,False,True,False
False,True,False,False,False,False,False,True,3,18.75,0,832,2,1,True,False,False,False,False
True,False,False,False,False,True,False,False,1,7.2292,1,833,3,0,False,False,True,False,False
True,False,False,False,False,False,False,True,1,7.8542,1,834,3,0,False,False,True,False,False
False,False,False,False,True,False,False,True,1,8.3,1,835,3,0,False,False,True,False,False
True,False,False,False,False,True,False,False,3,83.1583,0,836,1,1,False,True,False,False,False
True,False,False,False,False,False,False,True,1,8.6625,1,837,3,0,False,False,True,False,False
True,False,False,False,False,False,False,True,1,8.05,1,838,3,0,False,False,True,False,False
True,False,False,False,False,False,False,True,1,56.4958,1,839,3,1,False,False,True,False,False
True,False,False,False,False,True,False,False,1,29.7,1,840,1,1,False,False,True,False,False
False,False,False,False,True,False,False,True,1,7.925,1,841,3,0,False,False,True,False,False
False,False,False,False,True,False,False,True,1,10.5,1,842,2,0,False,False,True,False,False
True,False,False,False,False,True,False,False,1,31.0,1,843,1,1,False,True,False,False,False
True,False,False,False,False,True,False,False,1,6.4375,1,844,3,0,False,False,True,False,False
False,False,False,False,True,False,False,True,1,8.6625,1,845,3,0,False,False,True,False,False
False,False,True,False,False,False,False,True,1,7.55,1,846,3,0,False,False,True,False,False
True,False,False,False,False,False,False,True,11,69.55,0,847,3,0,False,False,True,False,False
True,False,False,False,False,True,False,False,1,7.8958,1,848,3,0,False,False,True,False,False
True,False,False,False,False,False,False,True,2,33.0,0,849,2,0,False,False,False,False,True
False,False,True,False,False,True,False,False,2,89.1042,0,850,1,1,False,False,False,True,False
False,True,False,False,False,False,False,True,7,31.275,0,851,3,0,True,False,False,False,False
False,False,False,True,False,False,False,True,1,7.775,1,852,3,0,False,False,True,False,False
False,False,False,False,True,True,False,False,3,15.2458,0,853,3,0,False,True,False,False,False
False,False,False,False,True,False,False,True,2,39.4,0,854,1,1,False,True,False,False,False
False,False,True,False,False,False,False,True,2,26.0,0,855,2,0,False,False,False,True,False
False,False,False,False,True,False,False,True,2,9.35,0,856,3,1,False,False,False,True,False
False,False,True,False,False,False,False,True,3,164.8667,0,857,1,1,False,False,False,True,False
False,False,True,False,False,False,False,True,1,26.55,1,858,1,1,False,False,True,False,False
True,False,False,False,False,True,False,False,4,19.2583,0,859,3,1,False,False,False,True,False
True,False,False,False,False,True,False,False,1,7.2292,1,860,3,0,False,False,True,False,False
False,False,True,False,False,False,False,True,3,14.1083,0,861,3,0,False,False,True,False,False
True,False,False,False,False,False,False,True,2,11.5,0,862,2,0,False,False,True,False,False
False,False,True,False,False,False,False,True,1,25.9292,1,863,1,1,False,False,False,True,False
False,False,False,False,True,False,False,True,11,69.55,0,864,3,0,False,True,False,False,False
True,False,False,False,False,False,False,True,1,13.0,1,865,2,0,False,False,True,False,False
False,False,True,False,False,False,False,True,1,13.0,1,866,2,1,False,False,False,True,False
True,False,False,False,False,True,False,False,2,13.8583,0,867,2,1,False,True,False,False,False
True,False,False,False,False,False,False,True,1,50.4958,1,868,1,0,False,False,True,False,False
True,False,False,False,False,False,False,True,1,9.5,1,869,3,0,False,False,True,False,False
False,True,False,False,False,False,False,True,3,11.1333,0,870,3,1,True,False,False,False,False
True,False,False,False,False,False,False,True,1,7.8958,1,871,3,0,False,False,True,False,False
False,False,True,False,False,False,False,True,3,52.5542,0,872,1,1,False,False,False,True,False
True,False,False,False,False,False,False,True,1,5.0,1,873,1,0,False,False,True,False,False
False,False,True,False,False,False,False,True,1,9.0,1,874,3,0,False,False,True,False,False
True,False,False,False,False,True,False,False,2,24.0,0,875,2,1,False,False,False,True,False
False,False,False,False,True,True,False,False,1,7.225,1,876,3,1,False,True,False,False,False
False,False,False,False,True,False,False,True,1,9.8458,1,877,3,0,False,False,True,False,False
False,False,False,False,True,False,False,True,1,7.8958,1,878,3,0,False,False,True,False,False
True,False,False,False,False,False,False,True,1,7.8958,1,879,3,0,False,False,True,False,False
False,False,True,False,False,True,False,False,2,83.1583,0,880,1,1,False,False,False,True,False
True,False,False,False,False,False,False,True,2,26.0,0,881,2,1,False,False,False,True,False
True,False,False,False,False,False,False,True,1,7.8958,1,882,3,0,False,False,True,False,False
True,False,False,False,False,False,False,True,1,10.5167,1,883,3,0,False,True,False,False,False
True,False,False,False,False,False,False,True,1,10.5,1,884,2,0,False,False,True,False,False
True,False,False,False,False,False,False,True,1,7.05,1,885,3,0,False,False,True,False,False
True,False,False,False,False,False,True,False,6,29.125,0,886,3,0,False,False,False,True,False
True,False,False,False,False,False,False,True,1,13.0,1,887,2,0,False,False,False,False,True
False,False,False,False,True,False,False,True,1,30.0,1,888,1,1,False,True,False,False,False
False,False,False,False,True,False,False,True,4,23.45,0,889,3,0,False,True,False,False,False
True,False,False,False,False,True,False,False,1,30.0,1,890,1,1,False,False,True,False,False
True,False,False,False,False,False,True,False,1,7.75,1,891,3,0,False,False,True,False,False
